{"finds":[{"x":-2.809999942779541,"y":1.190000057220459,"r":0.15000000596046449},{"x":-2.869999885559082,"y":-0.5400000810623169,"r":0.23999999463558198},{"x":-0.25,"y":3.5999999046325685,"r":0.4099999964237213},{"x":3.819999933242798,"y":0.36000001430511477,"r":0.30000001192092898}]}