{"finds":[{"x":-1.9600000381469727,"y":0.7200000286102295,"r":0.20999999344348908},{"x":-2.0899996757507326,"y":-0.9099999666213989,"r":0.18000000715255738},{"x":0.2799999713897705,"y":2.869999885559082,"r":0.30000001192092898}]}